0,0
1,1.5
2,1.5
3,1.5
4,1.5
5,1102.8445
6,101
7,101
8,101.2605
9,1303.2975
10,1201.074
11,100
12,1200.501
13,1202.974
14,101.2605
15,101.2605
16,1304.875
17,101.409
18,101.409
19,101.874
20,101.874
21,101.874
22,103.374
23,103.374
24,1205.5595
25,100
26,100
27,100
28,1201.489
29,1201.9345
30,100.3445
31,100.3445
32,1203.546
33,536.3228333
34,102
35,102
36,1738.862833
37,100.9895
38,101.7145
39,536.7088333
40,100
41,100.501
42,1305.698
43,103.9985
44,639.4023333
45,102.0705
46,102.0705
47,1838.367333
48,200.5645
49,1838.564333
50,100.7495
51,1202.816
52,1301.779
53,100.537
54,100.537
55,100.537
56,1202.6785
57,1201.537
58,100
59,100.2245
60,1737.501833
61,637.3988333
62,1204.3605
63,101.8535
64,1203.3385
65,100.2605
66,101.521
67,1538.422333
68,536.6258334
69,100.521
70,1203.449
71,101.1015
72,101.1015
73,101.1015
74,1071.996167
75,636.2883333
76,1071.584167
77,101.525
78,1536.823333
79,100
80,1203.4415
81,1304.68
82,102.052
83,1305.1825
84,537.9148334
85,1203.998
86,1304.281
87,1203.42
88,1200
89,535.0568334
90,100
91,636.2193334
92,101.7395
93,101.7395
94,102.12
95,102.12
96,102.12
97,102.12
98,2073.731167
99,1205.556
100,1839.974833
101,201.2245
102,201.2245
103,737.9288333
104,102.431
105,103.931
106,104.516
107,1206.013
108,1737.765833
109,537.2698334
110,1303.9435
111,636.4543334
112,1203.91
113,100.4205
114,100.4205
115,1203.8905
116,1204.3785
117,1204.147
118,1203.564
119,1203.691
120,1204.896
121,1738.217833
122,100.2405
123,101.501
124,1304.4355
125,637.3608333
126,637.2098333
127,1203.3355
128,100.7615
129,1203.1475
130,2406.1205
131,1302.2045
132,101
133,101
134,1203.1025
135,100
136,636.4723334
137,1202.2205
138,100.2245
139,1201.974
140,2506.0245
141,1304.092
142,1304.628
143,1303.669
144,102.2305
145,102.2305
146,538.4678333
147,1203.599
148,100.4645
149,1304.038
150,101.238
151,101.238
152,1203.144
153,1202.122
154,1201.2985
155,101.089
156,1202.089
157,2740.400833
158,638.4678333
159,101.2605
160,101.2605
161,101.2605
162,2405.3745
163,1202.3125
164,1739.253833
165,638.3013333
166,1073.114167
167,101.881
168,1202.5615
169,100
170,1201.4205
171,1201.5125
172,1102.1905
173,1302.9145
174,2403.6105
175,100
176,2404.567
177,535.3028333
178,533.9538333
179,1200.705
180,635.8993333
181,1202.4865
182,434.7638333
183,2403.635
184,533.6458333
185,2406.0805
186,1737.401333
187,1070.211667
188,100
189,1301.5415
190,1201.229
191,534.7503333
192,1202.8695
193,101.4645
194,1536.297833
195,635.8333333
196,1303.5
197,536.7783333
198,535.5778333
199,1737.592833
200,2403.9875
201,1304.6035
202,1205.171
203,2404.3815
204,534.8823333
205,1303.327
206,1072.510667
207,2304.9355
208,2069.925667
209,1302.694
210,2404.667
211,1070.576667
212,1202.1205
213,1200.4205
214,1735.428333
215,436.6625834
216,1201.3945
217,1202.409
218,101.5
219,534.8333333
220,1200.4645
221,434.0778333
222,100
223,100
224,1303.403
225,1303.3825
226,1203.334
227,636.4263334
228,1202.429
229,1304.204
230,1305.8695
231,1205.0385
232,2404.002
233,1101.3445
234,1302.557
235,1201
236,1201.8255
237,433.5738333
238,1302.2545
239,536.4353333
240,1738.113333
241,1200.4645
242,1200.5125
243,1202.525
244,1205.41
245,1072.557167
246,1636.569333
247,1201.3125
248,1202.7895
249,1302.734
250,1303.5055
251,637.6868333
252,1202.979
253,535.1778333
254,536.2138334
255,2405.2885
256,1740.055833
257,1204.6095
258,1738.692333
259,1200.977
260,1202.3125
261,1305.0665
262,1739.809833
263,1203.1205
264,100.8125
265,1202.073
266,1201.797
267,1740.168833
268,535.4233334
269,100
270,1201.905
271,100.6205
272,1202.1205
273,1201.7895
274,537.3333333
275,536.3333333
276,100
277,1202.1805
278,535.0633334
279,535.5138333
280,1736.151333
281,1203.0915
282,1303.1745
283,1202.985
284,1201.593
285,1301.077
286,100.5125
287,1172.453167
288,1636.790333
289,639.9515834
290,2407.421
291,100
292,1201.5125
293,1203.654
294,1204.74925
295,537.2838333
296,536.1003333
297,1735.882333
298,1738.093833
299,1737.453833
300,1202.165
301,536.3903333
302,1302.618
303,1203.0585
304,1202.35
305,1201.585
306,633.7538333
307,1738.065333
308,1302.3445
309,1202.689
310,1302.561
311,101.9645
312,637.1318334
313,102.693
314,1204.98
315,102.517
316,536.5308333
317,100
318,534.4433334
319,1203.017
320,1203.2615
321,534.3333333
322,1201.3445
323,100
324,1202.8185
325,635.8778333
326,535.8198333
327,534.3333333
328,1202.277
329,637.8098333
330,1738.298833
331,634.3103333
332,1202.006
333,534.1423333
334,434.2268333
335,2303.1215
336,1201.4645
337,1204.3095
338,1304.042
339,537.5798333
340,1303.45
341,101.7245
342,2508.3345
343,1170.454667
344,2737.288833
345,1203.4715
346,1303.679
347,1304.903
348,102.537
349,1074.634167
350,534.7538333
351,1201.4205
352,1201
353,535.3333333
354,101.6205
355,536.6953333
356,1738.491833
357,1200.809
358,100
359,1636.700333
360,1637.556333
361,1201.954
362,1737.020833
363,1202.0715
364,534.7718333
365,1200
366,634.7353333
367,1301.985
368,100.9450001
369,1302.9575
370,2403.8485
371,100.6205
372,1202.8815
373,1201.3805
374,1201.7415
375,1070.276167
376,0
377,433.8978334
378,1201.5125
379,1203.797
380,1303.9835
381,1739.939833
382,1204.387
383,1536.918333
384,1306.53375
385,1304.644
386,1201.902
387,2403.059
388,1202.6185
389,635.2358334
390,534.7833334
391,1202.8125
392,1204.3375
393,1201.71
394,1302.9295
395,1173.106667
396,1636.182833
397,534.0778333
398,1303.9015
399,1305.4165
400,872.6651667
401,1205.708
402,101
403,536.5518333
404,1200.5645
405,2403.965
406,1838.416333
407,636.4353334
408,637.4968334
409,1304.146
410,538.5798333
411,1203.8845
412,1204.449
413,1304.6755
414,1203.083
415,536.7978333
416,536.7978333
417,1203.085
418,2404.567
419,1202.9645
420,1202.0645
421,534.3333333
422,1302.825
423,1203.683
424,1200.8695
425,1303.4295
426,1204.716
427,1071.525667
428,534.7503333
429,536.8118333
430,636.4538333
431,535.6478334
432,1202.657
433,1739.417833
434,1202.3445
435,1304.518
436,638.8873333
437,2404.231
438,535.3753333
439,2304.5965
440,635.7913333
441,1738.028333
442,535.0598333
443,1071.929167
444,101.8445
445,2406.702
446,1302.4205
447,536.5628333
448,1204.528
449,536.8333333
450,535.5378333
451,100
452,534.3333333
453,100
454,1201.5645
455,1200.4645
456,1201
457,1534.833333
458,100
459,1203.017
460,1205.2385
461,1203.3065
462,1201.3175
463,1200.3445
464,638.3233333
465,1206.383
466,1738.653333
467,2403.8235
468,1202.1855
469,100
470,1737.596833
471,867.4791667
472,2405.2105
473,2404.0755
474,636.6553333
475,535.9993333
476,1203.042
477,1202.882
478,1303.121
479,1202.4605
480,1302.264
481,1203.276
482,1201.5
483,2405.421
484,2304.1965
485,2403.87
486,100
487,1202.489
488,1202.841
489,1202.041
490,1302.0615
491,1735.639333
492,1204.0635
493,1741.634833
494,1201.6805
495,1204.1935
496,1306.3735
497,103.935
498,537.9458333
499,1201.3805
500,1202.585
501,2403.2465
502,535.1103333
503,634.3343334
504,636.7518334
505,1202.738
506,634.7138334
507,536.1193334
508,1203.6575
509,1836.718833
510,1301.2405
511,2403.106
512,535.1228334
513,1737.768333
514,2402.3815
515,100
516,634.3333333
517,534.3388334
518,534.0663333
519,535.5433333
520,1201.058
521,1101.5
522,100
523,1202.2495
524,634.6313333
525,100.8335
526,535.0998333
527,100
528,2402.2175
529,1402.8345
530,636.9353334
531,1202.3975
532,1202.601
533,1202.1805
534,100.6205
535,1636.688333
536,100
537,1736.855333
538,535.0263334
539,2404.5355
540,1302.3305
541,1740.420833
542,100.3805
543,1304.9095
544,1305.218
545,1203.545
546,1201.489
547,1303.3905
548,1304.4155
549,1201.7945
550,2404.8905
551,636.3588333
552,100.645
553,100.645
554,536.4713333
555,1303
556,101
557,1202.9295
558,535.8223333
559,1102.169
560,1203.2065
561,1202.094
562,1204.039
563,1736.797333
564,1202.7895
565,101
566,1201.4205
567,2071.264167
568,636.0383333
569,1201.733
570,533.6178333
571,1201.4785
572,636.9158333
573,537.3333333
574,102.1805
575,1303.879
576,102.2135
577,102.2135
578,102.2135
579,535.9273334
580,100
581,100.5645
582,1738.851833
583,435.8333333
584,1202
585,1200.549
586,536.7183333
587,638.8438334
588,100.893
589,1202.878
590,1203.7125
591,1202.2015
592,1735.485333
593,1101.5
594,1302
595,102
596,537.2793333
597,1304.339
598,1203.4575
599,1203.6945
600,1303.594
601,1202.642
602,634.7873333
603,1073.539667
604,2504.6105
605,635.3748333
606,1737.388333
607,867.8246667
608,1303.937
609,639.4078333
610,1204.835
611,2403.9885
612,1100
613,1201.0095
614,1201.1095
615,1101.7895
616,1302.482
617,2406.152
618,636.3753333
619,1739.446833
620,100
621,1201.71
622,636.8703333
623,100.8125
624,1304.4455
625,1203.459
626,1738.929333
627,535.8438333
628,2504.248
629,635.7388333
630,1203.239
631,1839.810333
632,1072.619167
633,635.6803333
634,1303.619
635,1203.3905
636,100
637,1302.7845
638,102.5
639,104
640,104
641,1305.9375
642,636.0438334
643,536.9043334
644,1200.549
645,534.6778333
646,1200.7535
647,1302.7845
648,101.5
649,536.7138334
650,1204.2135
651,102
652,102
653,102
654,540.3513333
655,103.518
656,103.518
657,2409.555
658,1202.7045
659,1736.553333
660,1737.624833
661,1303.017
662,1303.2305
663,1202.178
664,1200.8615
665,535.8333333
666,101.5
667,1203.429
668,536.3893333
669,1201.635
670,100
671,2402.834
672,2303.4635
673,1738.533083
674,634.4553334
675,2403.41
676,436.3333333
677,2404.877
678,100
679,100.3445
680,635.7983333
681,1304.6775
682,537.1313333
683,1069.601167
684,535.9868333
685,2407.11975
686,1535.066333
687,1301.791
688,1201.7895
689,1103.0795
690,1202.23
691,434.2423334
692,635.8763333
693,102.458
694,536.6963333
695,434.2308334
696,1201
697,101.5
698,638.5138333
699,636.7538333
700,635.5263334
701,1200.977
702,1072.137167
703,536.8333333
704,1203.2605
705,2404.573
706,1202.491
707,1200.693
708,1201.502
709,1302.996
710,1204.927
711,101.5
712,535.8333333
713,534.5073334
714,1201.9375
715,1736.711333
716,101.645
717,1203.5655
718,534.2743333
719,535.1633334
720,533.7138334
721,1100
722,1201.934
723,1201.489
724,435.2183333
725,1101.8805
726,1202.5
727,2404.117
728,534.8458333
729,1637.984333
730,1738.672833
731,537.2748333
732,2506.0045
733,1304.052
734,1302.228
735,636.2623333
736,1202.46875
737,100
738,100
739,1201.517
740,1202.5
741,101.5
742,101.5
743,101.5
744,102.1205
745,103.6205
746,104.6205
747,104.6205
748,540.9348333
749,1303.7575
750,1304.1545
751,1738.659833
752,1204
753,537.3073333
754,1739.639333
755,1202.97
756,533.8978334
757,101
758,1737.252333
759,533.3333333
760,2302.526
761,1635.845833
762,535.3508333
763,1737.083833
764,1202.75
765,636.6278333
766,1070.405167
767,100
768,1201.693
769,1201.7895
770,2403.303
771,1204.2065
772,101.5
773,1203.341
774,1201.9205
775,1102.53
776,636.7673333
777,1304.0545
778,1843.430833
779,1305.1175
780,1071.362167
781,2404.8155
782,537.0733333
783,1203.247
784,1202.433
785,2406.18
786,1203.3495
787,535.7938334
788,1202
789,534.5398334
790,535.1103333
791,1200.7445
792,1201.6495
793,1303.926
794,536.5313333
795,870.1331666
796,101.2845
797,1306.078
798,538.6973333
799,1203.3145
800,100
801,1737.700333
802,637.3863333
803,1204.578
804,536.6708333
805,534.0983333
806,1201.509
807,1202.7705
808,100
809,100
810,1204.32675
811,1201.9205
812,100.6205
813,102.1205
814,636.5673333
815,100.801
816,100.801
817,535.7768333
818,1202.9265
819,2503.731
820,735.1278333
821,101.0095
822,1302.692
823,1203.829
824,1202
825,1201.2615
826,100
827,1200.933
828,1303.34
829,101.314
830,1202.939
831,1200.7975
832,1302.3555
833,1203.5
834,534.1948333
835,1201.787
836,636.6143334
837,1202.114
838,1736.426333
839,1304.412
840,537.3278333
841,1202.3445
842,1636.645833
843,1736.240833
844,1070.693167
845,102
846,2608.8455
847,2506.3575
848,535.3103333
849,1736.022333
850,2401.663
851,100
852,533.3333333
853,534.6778333
854,1736.269333
855,1536.358333
856,637.7108334
857,1202.917
858,1201.731
859,1737.748833
860,1201.465
861,1735.679333
862,1203.102
863,536.7648334
864,1203.2345
865,1304.193
866,2406.2355
867,1202.2705
868,1201.739
869,102.145
870,102.7095
871,1205.879
872,1202.989
873,100
874,100
875,1201.257
876,1202.379
877,1202.432
878,1201.7055
879,1202.7775
880,1202.621
881,2406.0485
882,1303.798
883,1202.5375
884,1737.120833
885,1202.2845
886,535.8333333
887,534.3333333
888,1739.218833
889,535.1178333
890,535.1178333
891,1303.374
892,639.0873334
893,2405.5905
894,1068.636667
895,1200.994
896,534.3333333
897,534.3333333
898,1201.7135
899,534.3333333
900,1202.575
901,1205.517
902,101.8465
903,1203.9195
904,2737.049333
905,637.1888333
906,538.0243334
907,1304.3615
908,1304.8475
909,537.2008333
910,1203.0915
911,1201.5
912,100
913,1200.857
914,434.3503333
915,1737.433833
916,1303.3305
917,1204.295
918,1301.4055
919,869.0716667
920,536.0203333
921,1203.2935
922,1071.681167
923,634.1708333
924,1200.9735
925,1303.3755
926,1739.589833
927,1200.5645
928,1201
929,1971.023667
930,1301.7025
931,1202.551
932,1739.039333
933,635.7553333
934,1203.9755
935,1202.9095
936,2405.0515
937,101
938,101
939,101
940,101
941,536.1423333
942,101
943,1173.276167
944,737.3113333
945,1301.3445
946,101
947,1203.462
948,1202.8065
949,1739.775333
950,1200.3445
951,1303.938
952,1204.2155
953,1301.8655
954,100.605
955,1739.667833
956,536.5108333
957,2404.427
958,1201.7845
959,100
960,534.4788333
961,100.3445
962,1202.089
963,1303.9695
964,536.8823333
965,1836.792833
966,1837.587833
967,1201.497
968,1203.155
969,534.2788333
970,1201.7295
971,534.5378333
972,1636.924833
973,535.5443333
974,1202.5495
975,1302.225
976,533.8458333
977,1201.965
978,435.2748333
979,100.3445
980,1303.471
981,1204.1785
982,101.6785
983,1203.936
984,101
985,1202.262
986,536.3708334
987,535.3333333
988,2402.1995
989,1101.0815
990,533.3333333
991,100
992,100
993,101.073
994,535.1313333
995,2403.249
996,1202.7775
997,1302.9845
998,1201.9875
999,2404.767
1000,1739.060833
1001,1069.159167
1002,533.7138334
1003,1737.480833
1004,1201.7735
1005,1301.254
1006,534.9318334
1007,2070.779667
1008,2302.487
1009,1202.929
1010,536.3823333
1011,101.557
1012,1204.8275
1013,869.9791667
1014,1202.415
1015,535.9513333
1016,636.5998333
1017,1201.7375
1018,1201.5705
1019,2505.7305
1020,638.4063333
1021,1203.6795
1022,100.6205
1023,1303.87
1024,102.437
1025,102.437
1026,102.437
1027,102.437
1028,1305.067
1029,536.0273334
1030,100.3445
1031,535.1778333
1032,1201.743
1033,1302.8375
1034,1203.67
1035,1404.1055
1036,1200.7775
1037,1304.099
1038,537.1718333
1039,1837.667833
1040,1838.074833
1041,1101.489
1042,1300.809
1043,100.4645
1044,1940.648833
1045,1408.573
1046,1738.513333
1047,434.3333333
1048,100
1049,2404.8595
1050,1301.4255
1051,1205.4835
1052,1303.5055
1053,2403.626
1054,1101.23
1055,1202.518
1056,1201.8955
1057,1200.765
1058,637.0383333
1059,1201.3445
1060,1200.2605
1061,1202.9595
1062,1201.749
1063,533.3333333
1064,2405.1555
1065,102.453
1066,1740.305833
1067,1200.3445
1068,1202.07
1069,1203.1155
1070,1201.6305
1071,1303.632
1072,1203.1365
1073,1303.531
1074,1204.143
1075,100
1076,100
1077,535.7833333
1078,1304.303
1079,1303.3455
1080,1202.574
1081,535.6428333
1082,1201.221
1083,1200.573
1084,1201.2055
1085,1736.775833
1086,534.6458333
1087,1201.929
1088,1101.5
1089,2403.6055
1090,2404.486
1091,1200.749
1092,536.3593333
1093,2403.8595
1094,1200.809
1095,100.525
1096,1202.19
1097,2405.5815
1098,1301.6695
1099,1203.43
1100,1201
1101,1202.553
1102,1305.604
1103,1205.0485
1104,1304.623
1105,1202.305
1106,1736.195833
1107,2304.8285
1108,1101.598
1109,636.0678333
1110,1203.2905
1111,1201.2405
1112,1303.822
1113,1204.0145
1114,1303.4945
1115,536.3643333
1116,1202.3305
1117,1537.473833
1118,103.6540001
1119,1204.654
1120,1734.987333
1121,100
1122,534.8333333
1123,1202.7395
1124,1201.7095
1125,101.2125
1126,1303.4625
1127,1537.803333
1128,638.9163333
1129,1305.7555
1130,637.1178333
1131,1202.318
1132,1303.667
1133,638.6923333
1134,102.025
1135,537.2788333
1136,101.5
1137,1204.087
1138,100.4645
1139,1202.0135
1140,1303.651
1141,1175.876667
1142,1302.9915
1143,534.3333333
1144,534.8708334
1145,1738.280833
1146,1203.2245
1147,2840.949333
1148,1405.21
1149,2404.3805
1150,767.3556667
1151,636.3238334
1152,1303.1355
1153,2404.9865
1154,1202.29
1155,534.6178333
1156,1301.3465
1157,1301.5125
1158,1303.489
1159,1203.815
1160,1203.1895
1161,1303.2375
1162,1204.2375
1163,535.5378333
1164,536.6948333
1165,1201.497
1166,2404.772
1167,1404.939
1168,1739.757333
1169,1202.727
1170,636.9328333
1171,534.8758333
1172,1201.3805
1173,100
1174,100
1175,100
1176,1302.8895
1177,1203.523
1178,1201.3445
1179,1201.857
1180,3706.416
1181,2403.142
1182,1201.695
1183,1200
1184,1301.4645
1185,1202.2655
1186,1201.165
1187,1201.6495
1188,1201.0455
1189,2404.352
1190,2304.435
1191,869.8276666
1192,1303.558
1193,533.7138334
1194,1200
1195,101
1196,534.3333333
1197,100
1198,536.8903333
1199,1202.542
1200,1737.266333
1201,1203.965
1202,536.5828333
1203,1637.033333
1204,1201.194
1205,1736.124333
1206,633.8458333
1207,1201.366
1208,2403.4675
1209,1201.9625
1210,1202.399
1211,1202.557
1212,2505.027
1213,1302.5425
1214,100
1215,536.0738333
1216,1203.5
1217,100
1218,534.9993334
1219,1202.7705
1220,535.9293333
1221,1738.800833
1222,1201.6695
1223,637.7583333
1224,1203.621
1225,1303.7045
1226,1203.6335
1227,1201.602
1228,1203
1229,1201.8445
1230,100
1231,100
1232,1202.0025
1233,1203.102
1234,100.681
1235,1201.6105
1236,1203.76275
1237,1201.983
1238,1201.1135
1239,434.1423333
1240,1201.825
1241,1739.201833
1242,3072.200167
1243,1737.647333
1244,1637.555333
1245,1200.861
1246,1201.605
1247,1201.7295
1248,534.8863333
1249,1202.2415
1250,1735.979833
1251,101.665
1252,1203.3345
1253,1738.495083
1254,1201.7295
1255,535.9103334
1256,537.1798333
1257,100.8815
1258,1302.9715
1259,100.3445
1260,100.3445
1261,100.3445
1262,1201.9695
1263,1200.833
1264,534.3828333
1265,1069.401167
1266,2302.585
1267,1102.5
1268,1203.1805
1269,1200
1270,533.9538333
1271,1535.145833
1272,535.3988333
1273,1201.8425
1274,1201.35
1275,634.6433334
1276,1301.8305
1277,1203.1035
1278,2404.2365
1279,1201.3665
1280,1071.382167
1281,2407.0685
1282,1072.935167
1283,1736.479333
1284,433.8583333
1285,1203.0305
1286,1202.743
1287,1303.002
1288,1071.445667
1289,1635.738333
1290,1200.597
1291,1202.025
1292,1201.4205
1293,2403.1185
1294,1302.9475
1295,101.962
1296,1203.963
1297,1201.5
1298,100
1299,1202.657
1300,1201.9815
1301,433.7138334
1302,1301.9675
1303,1303.1225
1304,1202.625
1305,1201.7055
1306,1535.691333
1307,2403.816
1308,533.9743334
1309,2403.378
1310,1101.7405
1311,1202.8295
1312,1202.21
1313,1201.8445
1314,1302.867
1315,101.19
1316,1202.4745
1317,637.7288334
1318,1206.2775
1319,537.6083334
1320,634.1343333
1321,1200.933
1322,2406.213
1323,1202.511
1324,1301.771
1325,1302.9025
1326,536.5813333
1327,536.6493334
1328,100
1329,535.0458333
1330,1202.225
1331,536.4538333
1332,537.5938333
1333,536.0583333
1334,100
1335,533.7138334
1336,100
1337,101
1338,101
1339,101
1340,1303.0875
1341,636.6288334
1342,1204.74
1343,1534.723333
1344,1736.238333
1345,1200.4205
1346,1201.8335
1347,1739.603833
1348,1302.7705
1349,100
1350,1202.8125
1351,636.9985834
1352,535.7955834
1353,2505.166
1354,1302.8985
1355,1202.002
1356,1302.885
1357,1201.2245
1358,1201.3125
1359,100
1360,1200.641
1361,1201.545
1362,1203.2145
1363,1201.787
1364,100.7975
1365,101.3545
1366,535.9483333
1367,1401.743
1368,536.2598333
1369,535.2538333
1370,100
1371,1201.905
1372,2405.279
1373,534.7438333
1374,535.7018334
1375,1100.725
1376,1200.8735
1377,1302.4205
1378,536.3013334
1379,635.0153334
1380,1201.1175
1381,1302.473
1382,536.6358333
1383,1201.338
1384,1303.2775
1385,635.8753333
1386,1204.5505
1387,1203.831
1388,635.9038333
1389,1638.784333
1390,1202.523
1391,1204.076
1392,1303.419
1393,1203.7475
1394,636.5263334
1395,1203.433
1396,635.7538333
1397,1202.2045
1398,1201.825
1399,1202.254
1400,533.5938333
1401,100.2605
1402,101.2605
1403,535.5268333
1404,1202.141
1405,1201.9535
1406,100
1407,1201.3695
1408,101.2695
1409,1202.983
1410,634.6913334
1411,101.73
1412,1740.882833
1413,1202.066
1414,1204.3505
1415,535.2438333
1416,535.9633333
1417,637.5128334
1418,536.9128334
1419,1202.683
1420,100
1421,1302.2605
1422,1304.0855
1423,638.3098333
1424,1202.654
1425,1200.777
1426,535.4103334
1427,1203.264
1428,100.2845
1429,535.1388333
1430,635.4963333
1431,1201.9195
1432,1201.2245
1433,868.5976667
1434,1202.547
1435,1202.3735
1436,1536.450833
1437,1201.9505
1438,1202.6935
1439,102
1440,2407.5145
1441,1203.4535
1442,2406.218
1443,1304.174
1444,1739.452333
1445,1201.8335
1446,1201.5
1447,1738.266833
1448,100
1449,1200.661
1450,1202.478
1451,535.3158334
1452,1101.45
1453,2402.8635
1454,1201.929
1455,1303.6975
1456,1640.280833
1457,101.3805
1458,1203.3895
1459,100
1460,1735.865833
1461,1200.4205
1462,100
1463,100
1464,534.8343333
1465,1200.7495
1466,100.2605
1467,1201.514
1468,1304.6065
1469,1841.073833
1470,1838.734333
1471,100.4205
1472,1202.6305
1473,100.4205
1474,100.4205
1475,533.7538333
1476,1201.8095
1477,1201.938
1478,1201.89375
1479,635.8358334
1480,636.4033333
1481,1202.2605
1482,1201.549
1483,1736.520333
1484,1102.6705
1485,637.0928333
1486,1737.909333
1487,1202.985
1488,537.5598333
1489,1203.092
1490,1203.8615
1491,1202.3825
1492,1737.359333
1493,1200.629
1494,635.8273333
1495,1204.09
1496,1304.4505
1497,1202.775
1498,1201.677
1499,1202.929
1500,535.3263333
1501,101.965
1502,636.5388333
1503,1304.332
1504,1203.0875
1505,1201.11
1506,1303.3575
1507,536.6908333
1508,1736.891333
1509,1737.817833
1510,0
1511,435.3978334
1512,100
1513,100
1514,1837.841833
1515,1405.388
1516,870.9116667
1517,1735.943333
1518,1100.4645
1519,100
1520,1201.525
1521,101.5
1522,637.4183333
1523,1202.7295
1524,1201.486
1525,1735.735333
1526,100
1527,100
1528,100
1529,635.7153334
1530,1070.031167
1531,1202.2545
1532,868.3486667
1533,1200.6805
1534,1201.618
1535,537.2038334
1536,1739.097333
1537,1070.638167
1538,1203.1955
1539,1203.4155
1540,1304.842
1541,101.0295
1542,535.6408334
1543,100
1544,1201.99
1545,1304.2655
1546,1739.651833
1547,1302.7715
1548,2407.923
1549,1636.932833
1550,1202.0855
1551,533.7138334
1552,1201.902
1553,535.1843333
1554,2404.7105
1555,1535.094833
1556,1202.747
1557,535.6103333
1558,1737.820333
1559,1302.158
1560,1303.711
1561,536.8503333
1562,2839.662833
1563,1405.4395
1564,1302.9955
1565,101.214
1566,1203.0035
1567,535.8643333
1568,535.8688334
1569,635.6358333
1570,101.2405
1571,101.2405
1572,537.0738333
1573,1203.753
1574,1201.0455
1575,100.4205
1576,534.9518333
1577,534.3333333
1578,1301.4665
1579,1200.605
1580,1202.175
1581,1202.9985
1582,1202.7465
1583,1201.44075
1584,100
1585,1737.817833
1586,1202.15
1587,1202.422
1588,101.2605
1589,1302.9195
1590,535.5033333
1591,100
1592,1202
1593,533.3333333
1594,1201.11
1595,1201.3445
1596,1303.203
1597,534.9923333
1598,637.3593333
1599,1204.814
1600,101.5
1601,2607.991
1602,202.6715
1603,202.6715
1604,638.1248333
1605,1304.056
1606,1204.6205
1607,101.5
1608,639.9908333
1609,103.1875
1610,103.1875
1611,538.3423333
1612,1201.234
1613,1838.287833
1614,636.3973333
1615,634.4428334
1616,1304.4645
1617,1305.4655
1618,1203.8955
1619,534.5868334
1620,100
1621,101.5
1622,101.8805
1623,2404.467
1624,2402.759
1625,101.2605
1626,1203.651
1627,536.0468333
1628,534.3828333
1629,534.5913333
1630,534.3333333
1631,2402.7505
1632,1202.4335
1633,101.209
1634,2404.662
1635,1201.102
1636,101.5
1637,1205.5905
1638,2405.488
1639,1202.779
1640,100.773
1641,2405.0835
1642,2302.971
1643,1736.610833
1644,1103.9275
1645,536.6753334
1646,1303.0895
1647,535.7073334
1648,535.9193334
1649,1302.787
1650,1203.127
1651,533.8458333
1652,1302.7105
1653,537.7048334
1654,2405.072
1655,100
1656,1200.629
1657,2404.814
1658,2203.814
1659,1635.390833
1660,2071.740167
1661,0
1662,434.5938333
1663,535.5938333
1664,1204.6085
1665,1306.2245
1666,2404.859
1667,100
1668,533.7538333
1669,534.6793333
1670,1201.705
1671,533.9948333
1672,1202.3575
1673,102.7845
1674,1202.7845
1675,100
1676,636.8843333
1677,1203.1315
1678,1201.0655
1679,100.4205
1680,1302.4665
1681,1202.9585
1682,2404.542
1683,534.5868333
1684,1735.106333
1685,1304.554
1686,102.504
1687,103.0685
1688,1204.0685
1689,100.3805
1690,100.801
1691,101.1455
1692,535.0478333
1693,100
1694,100
1695,101
1696,1736.806833
1697,1202.1495
1698,1202.572
1699,536.6293333
1700,1203.359
1701,1202.886
1702,1204.434
1703,1303.5105
1704,100.5125
1705,1202.452
1706,1304.581
1707,1303.6865
1708,1205.7115
1709,100.2605
1710,100.2605
1711,1737.422333
1712,1303.3055
1713,101.7845
1714,2408.33
1715,1202.9095
1716,1303.73
1717,536.3353333
1718,1202.574
1719,101.198
1720,101.198
1721,535.1518333
1722,2302.6465
1723,1736.789333
1724,535.2203334
1725,1737.406333
1726,535.3333333
1727,1201.7695
1728,1302.2195
1729,1304.276
1730,1203.8915
1731,537.5375833
1732,536.4395833
1733,1301.417
1734,534.6778333
1735,1201.6335
1736,533.7138334
1737,1201.8805
1738,1535.778833
1739,1200.777
1740,1838.562833
1741,1405.114
1742,1202.0355
1743,1736.476333
1744,1201.417
1745,635.5193333
1746,534.3103333
1747,535.6198333
1748,533.3333333
1749,1203.203
1750,2402.1175
1751,1636.175833
1752,2504.793
1753,1202.382
1754,1738.556333
1755,1202.2025
1756,1201
1757,533.7138334
1758,534.7138334
1759,1304.805
1760,1303.438
1761,535.3758334
1762,1201.6345
1763,533.7538333
1764,534.0023333
1765,868.8836667
1766,1203.8745
1767,536.2038334
1768,100
1769,100.9575
1770,100.9575
1771,535.5813333
1772,535.3458333
1773,100
1774,100
1775,535.5998333
1776,100.9295
1777,1202.5025
1778,1738.259333
1779,1200
1780,1202.038
1781,1303.8385
1782,101.125
1783,101.125
1784,638.1768333
1785,1202.575
1786,1201.509
1787,1101.9455
1788,1839.433833
1789,636.9993333
1790,1201.0815
1791,1737.474833
1792,1200.677
1793,1200.9295
1794,1202.8735
1795,2403.7395
1796,1069.196167
1797,533.7978333
1798,2405.3795
1799,533.9538333
1800,1204
1801,538.2138334
1802,1737.558333
1803,1204.69
1804,1201.4205
1805,534.9838333
1806,636.5793334
1807,1203.3865
1808,100.8855
1809,1202.4705
1810,635.4958333
1811,101.815
1812,101.815
1813,1203.824
1814,1102.441
1815,1201.3615
1816,637.0108333
1817,1740.824833
1818,1736.417333
1819,100
1820,534.8458333
1821,1202.5
1822,1303.467
1823,536.7123334
1824,1736.767833
1825,100
1826,1202.2185
1827,101.2605
1828,101.725
1829,1203.4495
1830,100
1831,100.2845
1832,535.7873333
1833,100
1834,100
1835,100
1836,100
1837,1201.525
1838,1301.0375
1839,1201.3125
1840,1200
1841,435.4728333
1842,535.4698333
1843,1201.2905
1844,100.91
1845,1202.864
1846,100
1847,1735.319333
1848,535.6948334
1849,1737.364833
1850,1102.735
1851,1303.77
1852,638.3603333
1853,1205.5175
1854,1204.0555
1855,1203.6635
1856,101.7495
1857,101.7495
1858,1203.2385
1859,1303.015
1860,1738.903833
1861,1071.071667
1862,636.7078334
1863,637.3478334
1864,1202.998
1865,535.0603334
1866,2404.024
1867,535.4793334
1868,1737.088833
1869,1201.553
1870,1202
1871,534.4193333
1872,100
1873,635.2673333
1874,100
1875,536.4383333
1876,1304.5
1877,1202.589
1878,1201
1879,533.7138334
1880,100
1881,1070.342167
1882,1200.5125
1883,100
1884,100.5645
1885,1201.3335
1886,100.2125
1887,1939.380833
1888,1304.6775
1889,1636.449833
1890,534.1988334
1891,1069.845167
1892,1202.471
1893,1201.5
1894,1201
1895,533.7138334
1896,100
1897,100
1898,100
1899,1202.0975
1900,100.6805
1901,535.2983333
1902,1201.945
1903,100.2405
1904,535.4273334
1905,1200
1906,0
1907,2304.5525
1908,534.8503333
1909,100.517
1910,101.182
1911,535.9818334
1912,1200.966
1913,1070.802667
1914,100
1915,1200.621
1916,1202.151
1917,1201.438
1918,635.4743334
1919,103.2605
1920,1203.7775
1921,100.905
1922,101.905
1923,1305.7355
1924,1306.471
1925,2405.186
1926,100
1927,1201.2845
1928,634.9403333
1929,1201.6715
1930,1202.49025
1931,636.9560834
1932,1202.5745
1933,1200.9815
1934,100
1935,100
1936,535.8488334
1937,1202.394
1938,1200
1939,535.8333333
1940,1202.4115
1941,1202.196
1942,1201.7415
1943,1201.9875
1944,638.0963334
1945,102.0125
1946,1203.4675
1947,1304.828
1948,101.7245
1949,1071.017167
1950,100
1951,2504.139
1952,201.934
1953,1303.04
1954,1201.635
1955,103.5885
1956,103.5885
1957,1205.314
1958,1201.0735
1959,1202.0375
1960,1303.9665
1961,537.1603333
1962,1201.025
1963,1736.434833
1964,1735.715833
1965,1100.893
1966,1201.41
1967,1202.875
1968,2406.525
1969,101.3745
1970,638.4068333
1971,2070.796667
1972,1200.825
1973,1302.503
1974,1304.5945
1975,1302.5385
1976,101.777
1977,1204.0215
1978,1304.1705
1979,536.6043333
1980,534.6913334
1981,1202.237
1982,1201
1983,1303.2955
1984,1201.9255
1985,101.489
1986,101.489
1987,1304.3475
1988,536.4163333
1989,100.7615
1990,100.7615
1991,1202.6675
1992,101.2605
1993,1869.937167
1994,100
1995,101.2405
1996,101.2405
1997,536.0738333
1998,100
1999,1201.2845
2000,1103.871
2001,1203.2945
2002,1202.018
2003,1737.627833
2004,1302.485
2005,101.485
2006,536.5238333
2007,2406.9095
2008,637.0228333
2009,534.7740834
2010,1738.256333
2011,636.6318333
2012,538.2803333
2013,1301.501
2014,638.2643333
2015,535.9593334
2016,1202.138
2017,1201.8865
2018,634.2143333
2019,100.2605
2020,1200.8455
2021,534.8223333
2022,100
2023,1303.9315
2024,1070.980667
2025,0.42049998
2026,1202.535
2027,100.3805
2028,100.3805
2029,535.2138334
2030,101.482
2031,101.482
2032,102.482
2033,102.482
2034,102.482
2035,1307.246
2036,536.3998334
2037,1069.237167
2038,100
2039,2506.155
2040,1404.7665
2041,2404.547
2042,1202.106
2043,536.0638334
2044,1634.710333
2045,1303.1625
2046,100.9175
2047,1302.9315
2048,100.7295
2049,100.7295
2050,1202.194
2051,100
2052,536.1383334
2053,101.621
2054,101.621
2055,635.7998334
2056,101.3805
2057,101.3805
2058,535.6433334
2059,100
2060,1203.138
2061,1203.3575
2062,1737.577333
2063,535.7078333
2064,2404.0635
2065,1202.745
2066,536.1043334
2067,1200.998
2068,1736.320833
2069,1839.418333
2070,1842.247333
2071,537.1248333
2072,1201.7415
2073,1201.6895
2074,1940.682333
2075,637.9323333
2076,100.4645
2077,100.4645
2078,1202.4465
2079,1201.954
2080,100.3805
2081,100.3805
2082,1301.739
2083,534.3473333
2084,100
2085,534.0663333
2086,436.2958333
2087,102.021
2088,535.9748333
2089,534.6078333
2090,634.7478333
2091,1201.585
2092,1102.58
2093,534.7803333
2094,1634.306833
2095,100.2845
2096,1202.1665
2097,100
2098,1201
2099,1200.7575
2100,100.825
2101,1737.823333
2102,100
2103,534.6178333
2104,637.7903333
2105,1203.7995
2106,2401.8465
2107,535.0908333
2108,102.037
2109,102.037
2110,1303.896
2111,1203.099
2112,1301.1375
2113,1202.196
2114,1203.509
2115,102.524
2116,1205.093
2117,101.2845
2118,101.2845
2119,1201.705
2120,101.073
2121,101.073
2122,102.3335
2123,102.3335
2124,102.594
2125,102.594
2126,102.8345
2127,102.8345
2128,1204.347
2129,1203.3635
2130,101
2131,101
2132,1201.537
2133,1201.2845
2134,1201.258
2135,2404.1985
2136,2403.548
2137,1200
2138,535.6838333
2139,101.2405
2140,1202.2405
2141,1302.652
2142,1304.6695
2143,1203.885
2144,1201.8125
2145,101
2146,534.5578333
2147,1736.432333
2148,100
2149,1736.060333
2150,1203.7365
2151,1304.647
2152,636.9818334
2153,1738.277833
2154,1302.3295
2155,1204.199
2156,636.0478333
2157,1303.833
2158,639.5668334
2159,103.208
2160,1203.9495
2161,2404.373
2162,535.0678333
2163,100
2164,1303.9145
2165,2407.3195
2166,1100.3445
2167,1200.9575
2168,1200
2169,1202.2255
2170,1301.586
2171,1201.3455
2172,1201.9655
2173,1202.882
2174,1201.966
2175,100
2176,1736.993333
2177,100
2178,1200.9605
2179,100
2180,1202.1745
2181,100
2182,100
2183,100
2184,100
2185,100
2186,101
2187,101.2405
2188,1202.258
2189,1201.7605
2190,534.0263334
2191,1202.002
2192,1303.335
2193,101.945
2194,101.945
2195,637.1088333
2196,1301.8585
2197,1203.0425
2198,1303.439
2199,101.8125
2200,102.053
2201,536.4718333
2202,100.465
2203,2403.083
2204,1201.0495
2205,1202.22075
2206,1200.4205
2207,536.3958333
2208,637.2943334
2209,1204.56
2210,1203.11
2211,100.5125
2212,534.7073333
2213,100
2214,1201.2125
2215,101.425
2216,1203.1375
2217,100
2218,1202.2845
2219,1203.016
2220,100.6695
2221,535.0028333
2222,870.6686667
2223,101.2245
2224,1303.5955
2225,1202.4475
2226,100.3805
2227,1302.268
2228,1202.2905
2229,100
2230,1201.57
2231,1202.0175
2232,1202.166
2233,100
2234,100
2235,1202.529
2236,1202.0815
2237,534.8583333
2238,100.974
2239,535.7723333
2240,101.465
2241,1202.7495
2242,533.3333333
2243,1200.705
2244,101.569
2245,1535.887333
2246,535.3978334
2247,100
2248,535.2708333
2249,100.9375
2250,100.9375
2251,100.9375
2252,100.9375
2253,100.9375
2254,100.9375
2255,101.502
2256,101.502
2257,101.7425
2258,101.7425
2259,101.7425
2260,101.7425
2261,101.7425
2262,1737.433333
2263,1302.719
2264,1303.8485
2265,1202.9495
2266,1302.788
2267,1304.8205
2268,1204.561
2269,100.6205
2270,100.6205
2271,1202.579
2272,534.3713333
2273,1201.4305
2274,536.2888333
2275,536.0323334
2276,533.9383333
2277,534.2868334
2278,2403.404
2279,1202.646
2280,100.8125
2281,635.9848334
2282,100.7935
2283,100.7935
2284,534.6913334
2285,100.5125
2286,1202.514
2287,1201.366
2288,534.1063333
2289,535.0188333
2290,1201
2291,100
2292,1201.8295
2293,535.6638333
2294,101.91
2295,1303.515
2296,1203.29575
2297,534.6308333
2298,100
2299,2404.54475
2300,1304.76775
2301,1202.657
2302,1201.927
2303,1302.375
2304,100.2845
2305,100.2845
2306,636.2988333
2307,1070.944667
2308,1201.965
2309,635.1788334
2310,100.8455
2311,1203.191
2312,1203.439
2313,1737.837833
2314,1201.2405
2315,100
2316,2737.862833
2317,534.9713333
2318,1736.952833
2319,0.64499998
2320,1102.731
2321,100
2322,1202.814
2323,1202.1595
2324,100
2325,534.1458333
2326,100
2327,536.0963333
2328,1203.0075
2329,1202.47475
2330,534.6178333
2331,1302.482
2332,1203.5795
2333,1201.3855
2334,1302.7705
2335,1204.0595
2336,100.5125
2337,101.0335
2338,536.5558333
2339,1303.3605
2340,536.1248334
2341,1070.111167
2342,1636.702833
2343,100
2344,100
2345,1200.5125
2346,100
2347,100
2348,100
2349,100
2350,100
2351,1200.6205
2352,534.1988333
2353,1737.726833
2354,101.2405
2355,1204.487
2356,1204.0725
2357,100.737
2358,1303.566
2359,1202.5895
2360,2405.389
2361,1737.627833
2362,1201.2605
2363,534.0143333
2364,1201.25
2365,535.3508333
2366,533.7538333
2367,1302.5775
2368,101.157
2369,102.0385
2370,1304.076
2371,535.3708333
2372,534.5938333
2373,1202.2095
2374,1201.4205
2375,1202.2605
2376,100
2377,1303.0145
2378,1202.9625
2379,1201
2380,100
2381,1202.929
2382,101
2383,1202.6775
2384,1200.4645
2385,534.3333333
2386,1202.87
2387,1202.9465
2388,534.5113333
2389,1303.143
2390,638.7003333
2391,1740.552333
2392,1302.573
2393,637.0398333
2394,535.2923333
2395,1202.2825
2396,1202.406
2397,1200.934
2398,1201.894
2399,536.7633333
2400,101.93
2401,101.93
2402,101.93
2403,102.93
2404,102.93
2405,102.93
2406,102.93
2407,1203.3945
2408,535.6880834
2409,1201.6825
2410,1201.6805
2411,1301.1535
2412,1303.5365
2413,1305.042
2414,535.2353333
2415,0
2416,970.1276667
2417,1736.784333
2418,536.8198334
2419,100.3805
2420,1202.703
2421,100
2422,1201.7055
2423,100.3125
2424,101.3125
2425,536.4838334
2426,1303.9185
2427,535.4433333
2428,534.1308333
2429,100
2430,868.6961667
2431,0
2432,0
2433,1100.737
2434,0
2435,1203.881
2436,102.605
2437,1305.484
2438,101.8940001
2439,1204.1035
2440,100.969
2441,1202.2955
2442,1200.4205
2443,100
2444,100
2445,100
2446,100
2447,100
2448,535.8483334
2449,100.693
2450,101.3135
2451,536.1653333
2452,1202.262
2453,100.3125
2454,100.3125
2455,1303.66
2456,535.5858333
2457,100
2458,534.3068333
2459,1201.5
2460,534.8333333
2461,0.56450003
2462,1101.462
2463,1201.7025
2464,1201.845
2465,101.9015
2466,1202.879
2467,101.8175
2468,101.8175
2469,101.8175
2470,102.3185
2471,537.1888333
2472,1201.585
2473,100
2474,1203.1905
2475,1204.2295
2476,101
2477,101
2478,535.3333333
2479,1201.202
2480,100.605
2481,1302.8475
2482,535.2633333
2483,100.4205
2484,100.4205
2485,1301.733
2486,1304.2325
2487,102.526
2488,538.0638333
2489,1202.482
2490,1204.481
2491,1305.42
2492,1204.523
2493,535.1428334
2494,100.6205
2495,1303.2715
2496,1202.683
2497,100
2498,1201.1225
2499,1202.204
2500,100.8815
2501,101.7425
2502,1202.7425
2503,634.8143333
2504,535.6778333
2505,636.0583333
2506,1201.2105
2507,534.1783333
2508,1202.134
2509,636.3558333
2510,2307.0715
2511,1200.665
2512,100
2513,100
2514,2504.512
2515,201
2516,1402.667
2517,1203.3205
2518,1201.6775
2519,1200.717
2520,101.0295
2521,101.0295
2522,637.8518333
2523,1202.992
2524,1202.896
2525,1303.079
2526,1204.179
2527,101.755
2528,536.0943333
2529,536.0588333
2530,1201.805
2531,1735.408833
2532,1201.4545
2533,1302.5185
2534,1071.749667
2535,100
2536,2402.709
2537,435.4478333
2538,1201.2845
2539,101.7845
2540,101.7845
2541,101.7845
2542,103.2845
2543,538.5388333
2544,0
2545,1101.2405
2546,100
2547,1301.965
2548,100.6805
2549,100.6805
2550,1303.9235
2551,1303.2195
2552,1739.013833
2553,1739.395833
2554,1202.7555
2555,1305.594
2556,1202.8085
2557,100
2558,535.0468333
2559,1201.965
2560,1301.9215
2561,1204.1765
2562,1303.5415
2563,1739.113333
2564,100
2565,1201.8095
2566,102.234
2567,102.7465
2568,536.4603334
2569,1201.611
2570,100.501
2571,1201.995
2572,2608.2695
2573,204.1235
2574,639.1863333
2575,1202.339
2576,534.9743334
2577,1635.236333
2578,100.2245
2579,100.569
2580,100.569
2581,1201.8025
2582,2403.3275
2583,100.7495
2584,102.01
2585,1304.874
2586,1201.8555
2587,1200.3445
2588,1202.5145
2589,101.6695
2590,101.6695
2591,101.6695
2592,1737.565333
2593,2737.138833
2594,534.6178333
2595,101
2596,535.5738333
2597,1737.765333
2598,100
2599,637.8968333
2600,635.6753333
2601,1202.555
2602,1202.1545
2603,100
2604,535.1233334
2605,100
2606,100
2607,1201.2845
2608,534.8333333
2609,534.4393334
2610,534.3333333
2611,100
2612,1200.933
2613,1203.535
2614,1202.6495
2615,100.2125
2616,100.497
2617,1202.26
2618,101.3185
2619,101.3185
2620,101.3185
2621,1204.578
2622,100.8845
2623,102.145
2624,102.145
2625,102.145
2626,102.145
2627,102.145
2628,102.145
2629,1203.645
2630,1202.034
2631,1737.999333
2632,100
2633,1201.705
2634,100
2635,1303.6955
2636,1739.147583
2637,1202.4415
2638,1203.1585
2639,1201.429
2640,2403.7535
2641,100
2642,100
2643,534.3333333
2644,534.4673333
2645,1203.152
2646,1201.3185
2647,1202.042
2648,2071.582167
2649,100
2650,1202.385
2651,1201.3695
2652,100
2653,1200.525
2654,1202.05
2655,535.6918333
2656,534.7978333
2657,1201.898
2658,1201.946
2659,1202.446
2660,1070.584167
2661,2403.857
2662,535.7483333
2663,1202.9645
2664,1201.7575
2665,100
2666,534.6678333
2667,1200.6205
2668,2402.623
2669,100
2670,1302.2225
2671,2506.731
2672,1405.6425
2673,1202.0945
2674,1302.4825
2675,100.805
2676,1203.0655
2677,100
2678,1201.945
2679,1201.5675
2680,534.9553333
2681,1202.7535
2682,1069.381667
2683,1301.31
2684,1738.533833
2685,533.7978333
2686,1202.429
2687,100
2688,101.2405
2689,101.2405
2690,536.4878333
2691,100.3125
2692,100.573
2693,2402.927
2694,100
2695,1202.55125
2696,1203.49725
2697,100
2698,100.4645
2699,100.4645
2700,100.4645
2701,101.145
2702,535.4783333
2703,100
2704,2404.2145
2705,100
2706,534.3333333
2707,1302.2695
2708,1203.1745
2709,1201.8095
2710,1201.465
2711,100
2712,535.2178333
2713,535.5583333
2714,536.2978333
2715,100.4645
2716,100.4645
2717,1303.4305
2718,101.2605
2719,101.2605
2720,1203.474
2721,1305.921
2722,1304.2885
2723,1200.9175
2724,535.9763334
2725,534.4393334
2726,1302.815
2727,1303.858
2728,1304.6345
2729,1203.5675
2730,1200.7415
2731,1202.347
2732,1636.308833
2733,1735.416833
2734,535.2138334
2735,635.8333333
2736,1202.609
2737,100
2738,100
2739,1201.326
2740,100
2741,1203.6775
2742,101.5
2743,2406.419
2744,1301.473
2745,1202
2746,100
2747,1301.7125
2748,100
2749,1303.0095
2750,1202.5125
2751,1303.1645
2752,973.6446666
2753,101
2754,1304.347
2755,637.1408333
2756,1201.7295
2757,533.7138334
2758,1201.7385
2759,1303.1275
2760,1201.9465
2761,101.8175
2762,1204.088
2763,101.0015
2764,1739.453833
2765,0
2766,0
2767,434.3333333
2768,100
2769,1202.073
2770,534.2743333
2771,1200.605
2772,1201.465
2773,100
2774,1302.6905
2775,102.6745
2776,2505.075
2777,635.6038334
2778,534.8333333
2779,100.3445
2780,100.3445
2781,1302.795
2782,1201.8455
2783,534.0143333
2784,1638.668333
2785,0
2786,1101.962
2787,1301.3505
2788,2404.1725
2789,100
2790,535.0828333
2791,100
2792,535.0828333
2793,1201.2405
2794,100
2795,1201.6695
2796,534.5738333
2797,1200.4205
2798,100
2799,100.2405
2800,100.2405
2801,1201.7855
2802,100.2605
2803,1202.6355
2804,100
2805,635.3033333
2806,870.4416667
2807,533.6778333
2808,1203.3535
2809,535.1003334
2810,100
2811,533.9538333
2812,1200.789
2813,1635.435333
2814,1200.7135
2815,535.8203333
2816,101.073
2817,536.0398333
2818,100
2819,1303.2225
2820,101.525
2821,1202.507
2822,100
2823,100
2824,1737.952833
2825,1100
2826,535.1078333
2827,1203.2345
2828,1203.79
2829,1201.7345
2830,2404.615
2831,1303.3715
2832,101.363
2833,536.3573333
2834,2303.0165
2835,1201.8125
2836,0
2837,1103.06
2838,100.525
2839,1202.6595
2840,100.3445
2841,1203.22
2842,535.5263333
2843,1202.6805
2844,535.3033333
2845,535.5078333
2846,101.2405
2847,1202.1015
2848,100
2849,1202.971
2850,1304.184
2851,1306.3735
2852,102.43
2853,2408.1385
2854,101.525
2855,1203.415
2856,1303.3695
2857,100.3445
2858,1201.8415
2859,100
2860,534.1303333
2861,1201.5795
2862,100
2863,1201.7655
2864,100.485
2865,100.485
2866,100.485
2867,100.485
2868,535.0428333
2869,101.2245
2870,102.7245
2871,102.7245
2872,102.7245
2873,102.7245
2874,102.7245
2875,639.0028333
2876,536.6718333
2877,100.773
2878,535.3393333
2879,100
2880,1301.7975
2881,1202.9115
2882,1202.8665
2883,100.8125
2884,1201.125
2885,1200.789
2886,1202.1705
2887,635.8863333
2888,1203.0695
2889,1201.743
2890,100
2891,535.0198334
2892,1202.2625
2893,2405.8675
2894,2303.956
2895,1738.188333
2896,535.0778333
2897,100
2898,100
2899,1201.5
2900,1201.5465
2901,636.6678333
2902,103.2095
2903,537.5923333
2904,1302.32
2905,1202.156
2906,635.2138334
2907,535.2538333
2908,100.4205
2909,1202.485
2910,1302.2095
2911,102.509
2912,103.062
2913,1206.3385
2914,1202.3585
2915,1738.308333
2916,1200.909
2917,1201.138
2918,100.553
2919,1201.679
2920,1200.3805
2921,534.4228334
2922,100
2923,100
2924,100
2925,100.5645
2926,101.185
2927,1635.347833
2928,1203.6775
2929,1204.7145
2930,537.0408333
2931,534.3263333
2932,1200.9095
2933,533.6178333
2934,1203.6265
2935,1203.6535
2936,101.569
2937,1202.8095
2938,1200.6805
2939,100
2940,1071.463667
2941,100
2942,100
2943,533.9943333
2944,100
2945,533.3333333
2946,1303.6585
2947,101.429
2948,101.429
2949,535.5958333
2950,101.5
2951,636.8128334
2952,101.0175
2953,101.0175
2954,101.0175
2955,101.0175
2956,101.0175
2957,636.2878334
2958,536.0183334
2959,100.2405
2960,1303.2465
2961,1204.4245
2962,1201.9465
2963,2303.642
2964,1201.882
2965,100
2966,100.8125
2967,636.3963333
2968,1302.729
2969,1203.035
2970,100
2971,1201.6695
2972,101.5
2973,1203.1305
2974,534.0138333
2975,100
2976,100
2977,100.4645
2978,101.79125
2979,103.03175
2980,1203.70925
2981,1635.627833
2982,1101.938
2983,100
2984,100
2985,1201.6575
2986,100
2987,636.2968333
2988,1204.2595
2989,534.3388333
2990,1302.4665
2991,1203.465
2992,1101.6505
2993,1202.6625
2994,535.4353334
2995,100
2996,100
2997,1739.100333
2998,102.7195
2999,102.7195
3000,102.7195
3001,103.6245
3002,105.1245
3003,105.1245
3004,105.1245
3005,1308.235
3006,102.772
3007,103.0125
3008,103.0125
3009,103.0125
3010,538.5448334
3011,101.014
3012,637.2403334
3013,1203.1805
3014,1301.226
3015,1202.551
3016,1737.625583
3017,100
3018,535.3458333
3019,0
3020,434.6778333
3021,100
3022,100.5125
3023,1202.472
3024,102.054
3025,638.1888334
3026,101.15
3027,1201.4345
3028,1303.939
3029,536.7923333
3030,536.4998333
3031,1203.15
3032,100.3805
3033,535.0583334
3034,1200.6495
3035,535.3073333
3036,100
3037,100
3038,1202.483
3039,1304.488
3040,536.0988333
3041,1201
3042,534.3333333
3043,1302.12
3044,535.3513333
3045,1201.7735
3046,100
3047,1200.4205
3048,100
3049,101.5
3050,101.5
3051,1304.8265
3052,103.018
3053,871.7906667
3054,1302.6055
3055,1305.04
3056,102.8215001
3057,1206.6535
3058,1202.1265
3059,0
3060,1102.579
3061,101.3185
3062,1202.7675
3063,1200.7445
3064,1201.6855
3065,535.5138333
3066,1301.726
3067,1202.2995
3068,1203.007
3069,101.929
3070,1303.4995
3071,100.9655
3072,1201.7185
3073,534.9023333
3074,100
3075,1201.549
3076,1201.2845
3077,1.2245
3078,768.6926667
3079,100.2245
3080,1201.126
3081,1202.986
3082,101.521
3083,101.521
3084,103.521
3085,103.521
3086,1205.3465
3087,1201.733
3088,1203.8235
3089,100.705
3090,100.705
3091,101.0495
3092,101.5225
3093,1203.708
3094,1201.7595
3095,1202.362
3096,100
3097,534.5578333
3098,1201.485
3099,100.2405
3100,534.8678334
3101,1201.3805
3102,1202.9035
3103,1304.1845
3104,536.3013333
3105,100
3106,1303.2875
3107,1736.302833
3108,535.7033333
3109,1200.962
3110,1304.1125
3111,102.6875
3112,537.5208334
3113,100
3114,536.1808333
3115,100.689
3116,1302.3315
3117,100.9935
3118,100.9935
3119,1304.5105
3120,1302.9135
3121,1201.7655
3122,1200.893
3123,1201.43
3124,1738.563583
3125,1302.7575
3126,1204.1945
3127,100.885
3128,534.7828334
3129,0
3130,1302.8595
3131,638.3828333
3132,101.765
3133,537.2483333
3134,100
3135,534.8343333
3136,535.8568333
3137,100
3138,100
3139,100
3140,1201.5
3141,1203.902
3142,1201.9375
3143,100
3144,1200.9605
3145,101.414
3146,1203.0995
3147,100
3148,100
3149,100
3150,635.2948333
3151,100.5125
3152,100.5125
3153,1201.5025
3154,535.5473334
3155,1200
3156,534.9008333
3157,636.4773334
3158,102.0655
3159,1203.3225
3160,100
3161,1203.852
3162,1203.3325
3163,1304.3165
3164,103.8630001
3165,103.8630001
3166,539.1263334
3167,100
3168,1201.6775
3169,100.941
3170,537.7483334
3171,101.893
3172,1203.5705
3173,2405.4155
3174,636.4408334
3175,1203.1985
3176,101.737
3177,1202.486
3178,100
3179,1202.018
3180,100.749
3181,100.749
3182,1200.749
3183,100
3184,100
3185,1201.2845
3186,100
3187,1202.09
3188,100.4205
3189,1202.0855
3190,435.2163333
3191,637.2888334
3192,102.3695001
3193,1202.9065
3194,101.073
3195,1201.898
3196,1201.41
3197,100
3198,1201.437
3199,1201.2405
3200,101.5
3201,537.0158333
3202,635.7983333
3203,1304.456
3204,101.491
3205,1202.4085
3206,1200.9015
3207,100
3208,1302.254
3209,1203.7915
3210,100.705
3211,100.705
3212,534.7828333
3213,1303.0995
3214,1203.0845
3215,100
3216,1203.427
3217,1202
3218,100
3219,1200.5125
3220,100
3221,2404.21025
3222,0
3223,0
3224,1202.6795
3225,1202.6215
3226,1201.417
3227,533.7978333
3228,535.2963334
3229,100
3230,1202.84
3231,101.375
3232,1201.6875
3233,1201.8375
3234,101.2405
3235,101.2405
3236,101.2405
3237,1203.1505
3238,100
3239,1201.094
3240,100.2845
3241,1203.3055
3242,1203.3135
3243,102.7605
3244,537.1678333
3245,2404.37
3246,1201.8125
3247,100
3248,535.4878333
3249,436.1618333
3250,1202.516
3251,100
3252,1202.39
3253,1202.0535
3254,634.7068334
3255,100.4645
3256,1200.929
3257,1202.59
3258,1205.486
3259,101.142
3260,1202.8115
3261,100
3262,100
3263,100
3264,100
3265,100.6805
3266,1201.3415
3267,1303.397
3268,1204.872
3269,1203.5715
3270,1201.3265
3271,100
3272,100
3273,636.8368333
3274,537.0733333
3275,534.8333333
3276,535.3543333
3277,1202.1425
3278,1202.882
3279,101.507
3280,1202.2725
3281,2402.7665
3282,0
3283,0.4645
3284,1101.6655
3285,100
3286,100
3287,1201.459
3288,536.2618333
3289,1303.6785
3290,103.0835
3291,103.0835
3292,103.0835
3293,103.0835
3294,103.0835
3295,1204.245
3296,100.481
3297,1202.1305
3298,1202.9065
3299,100.5125
3300,100.933
3301,101.6135
3302,1201.898
3303,534.5738333
3304,100.2405
3305,100.7055
3306,1204.3405
3307,102.2605
3308,538.5238333
3309,1201.3125
3310,101
3311,101
3312,101
3313,101
3314,101
3315,101
3316,1201.605
3317,1201.8675
3318,1101
3319,533.9538333
3320,100
3321,1201.7095
3322,100
3323,1201.97
3324,100
3325,100
3326,100
3327,100
3328,102.008
3329,1203.7335
3330,1201.098
3331,534.1458333
3332,1201.972
3333,535.6808333
3334,101.061
3335,101.061
3336,101.061
3337,1201.8865
3338,534.3468333
3339,636.0388333
3340,101.2605
3341,101.2605
3342,1203.641
3343,100.449
3344,100.449
3345,100.449
3346,1201.958
3347,100
3348,1201.985
3349,100
3350,1201.453
3351,100
3352,100
3353,1303.1275
3354,104.1425
3355,538.7603333
3356,100
3357,1201.8445
3358,1201.9895
3359,101.005
3360,869.6181667
3361,1201.3125
3362,536.2138334
3363,1200.849
3364,100
3365,100.665
3366,100.665
3367,1202.619
3368,100
3369,1201.2605
3370,100
3371,1200.605
3372,100.3805
3373,100.665
3374,534.9983334
3375,100.3445
3376,1202.0055
3377,100
3378,100
3379,1200.629
3380,1201.2405
3381,100
3382,637.1458333
3383,102.3125
3384,102.8815
3385,102.8815
3386,1204.666
3387,1203.876
3388,868.8926667
3389,100.2405
3390,100.2405
3391,100.2405
3392,1202.455
3393,1302.544
3394,534.9203333
3395,100
3396,1200.8535
3397,534.9963333
3398,100
3399,100
3400,1304.135
3401,1202.726
3402,1201.2605
3403,100.3445
3404,1201.13
3405,100
3406,100.4645
3407,2403.372
3408,100
3409,101
3410,1201.857
3411,635.8563333
3412,535.8183333
3413,534.5738333
3414,635.0733333
3415,1303.267
3416,101.7245
3417,101.7245
3418,1204.6125
3419,101.6275
3420,1304.9245
3421,535.8158333
3422,100
3423,1201.91
3424,1305.068
3425,102.7495
3426,1202.99
3427,1200.9015
3428,535.5468333
3429,1200.905
3430,100
3431,1202.3545
3432,1202.2735
3433,1303.3465
3434,1637.749833
3435,1302.8355
3436,1303.475
3437,536.9633333
3438,635.3023333
3439,1204.482
3440,101.5645
3441,638.7083334
3442,537.4233334
3443,101.573
3444,536.9858333
3445,100.553
3446,100.553
3447,101.7935
3448,536.2613333
3449,1200.557
3450,100.4205
3451,1202.7795
3452,1201.449
3453,1201.5145
3454,1303.69
3455,1304.5715
3456,1071.725167
3457,100
3458,1201.89
3459,100
3460,1736.519833
3461,0
3462,1100.9935
3463,100
3464,1201.9955
3465,101.8635
3466,1302.328
3467,101.705
3468,870.0411667
3469,534.5183334
3470,100
3471,100
3472,100
3473,100
3474,536.4533333
3475,537.8648333
3476,102.6535
3477,103.274
3478,103.274
3479,103.274
3480,1204.6835
3481,1201
3482,1203.932
3483,102.2465
3484,102.2465
3485,102.2465
3486,103.3555
3487,537.1533333
3488,1302.485
3489,534.8783333
3490,100.5645
3491,1202.766
3492,1201
3493,534.8183333
3494,1201.8125
3495,100
3496,1302.042
3497,1304.4415
3498,536.3178333
3499,1203.209
3500,537.0468333
3501,535.6163333
3502,1302.807
3503,534.8358333
3504,433.3333333
3505,536.5613333
3506,1739.814333
3507,1302.848
3508,1203.45
3509,1200.3125
3510,100
3511,1302.9555
3512,1202.262
3513,1201.2345
3514,100
3515,1203.1765
3516,101.1735
3517,1203.5755
3518,100
3519,100
3520,100
3521,100
3522,1201.142
3523,100.5645
3524,100.5645
3525,101.4695
3526,101.4695
3527,101.4695
3528,1202.6955
3529,100
3530,533.9543334
3531,100
3532,100
3533,1734.667833
3534,636.1613333
3535,100.509
3536,101.7935
3537,536.0123333
3538,100
3539,1301.909
3540,101.3445
3541,1202.5295
3542,535.7113333
3543,100.2405
3544,1200.7935
3545,637.5388333
3546,101.465
3547,102.05
3548,536.3893333
3549,1202.1575
3550,100
3551,1203.2135
3552,101.973
3553,101.973
3554,536.6330833
3555,1202.2095
3556,535.6333334
3557,2406.3175
3558,100
3559,100
3560,100
3561,100
3562,100
3563,101.2605
3564,101.2605
3565,536.1108333
3566,1200.2845
3567,100
3568,100
3569,1200.2845
3570,100
3571,1304.437
3572,538.4918333
3573,1302.747
3574,2405.303
3575,1201.725
3576,100
3577,1201.5675
3578,634.5713333
3579,100.8175
3580,100.8175
3581,1202.004
3582,434.7393333
3583,2303.5625
3584,1200.3805
3585,100
3586,2402.2
3587,535.7233333
3588,1201.8535
3589,537.0213333
3590,100.9615
3591,1738.503333
3592,534.0138333
3593,1201.553
3594,1736.894333
3595,100
3596,635.5248333
3597,1202.8515
3598,1201.1055
3599,2404.9305
3600,1304.337
3601,1200.621
3602,535.0138333
3603,535.3873333
3604,100
3605,100
3606,1201.7895
3607,100
3608,1201.997
3609,100
3610,1304.0685
3611,535.7523333
3612,100
3613,1201.6805
3614,102
3615,1202.605
3616,100.537
3617,534.1828333
3618,1201.014
3619,1302.89
3620,534.8423333
3621,100
3622,534.4788333
3623,0
3624,0
3625,0
3626,434.7740834
3627,533.6458333
3628,1201.2845
3629,1201.5
3630,1201.8335
3631,1201.409
3632,636.1788333
3633,1203.2885
3634,100.8125
3635,1201.3815
3636,534.7238333
3637,1200.8375
3638,100.3125
3639,1201.8215
3640,1100.2845
3641,100
3642,635.3988333
3643,101.645
3644,101.645
3645,1304.4845
3646,102.551
3647,637.4863334
3648,1202.7575
3649,1201.425
3650,534.5633333
3651,537.6568333
3652,1202.7245
3653,1202.1345
3654,100
3655,535.3863333
3656,100
3657,534.9323333
3658,1101.2845
3659,100.2845
3660,100.2845
3661,1201.7135
3662,101.2985
3663,536.0063334
3664,1070.281167
3665,534.5678333
3666,100
3667,1737.207333
3668,1201.057
3669,535.0908333
3670,1200.3445
3671,867.6666667
3672,0
3673,433.9903333
3674,100
3675,1202.1695
3676,534.3873333
3677,100
3678,100
3679,100
3680,100
3681,100
3682,1201.926
3683,100.9605001
3684,102.4495001
3685,538.1818334
3686,101.846
3687,101.846
3688,101.846
3689,1204.293
3690,100.629
3691,1736.464833
3692,100
3693,100
3694,100
3695,100
3696,1838.998833
3697,201.521
3698,635.8003333
3699,535.8513333
3700,100.2605
3701,1303.483
3702,102.9785001
3703,537.5523334
3704,100
3705,100
3706,1201.31
3707,100
3708,534.5578333
3709,1201.6615
3710,1201.6695
3711,100
3712,1201.481
3713,100
3714,1201.607
3715,1203.4805
3716,535.0278334
3717,100
3718,1200.93
3719,101.6415
3720,101.6415
3721,102.022
3722,102.495
3723,1205.70375
3724,1304.7735
3725,102.387
3726,102.387
3727,102.387
3728,1203.8365
3729,100
3730,533.6778333
3731,1735.870333
3732,535.5708333
3733,535.0448333
3734,100.417
3735,100.7295
3736,1203.369
3737,101.1865
3738,1203.73
3739,100
3740,1302.6955
3741,101.2785
3742,101.2785
3743,535.6118333
3744,533.3333333
3745,1201.999
3746,100.8125
3747,100.8125
3748,1202.3655
3749,100.2405
3750,1303.6055
3751,638.3233333
3752,2404.6965
3753,1202.1575
3754,100
3755,100
3756,100
3757,100
3758,100
3759,1203.439
3760,1201.0135
3761,1303.2435
3762,2403.985
3763,1200.4205
3764,100
3765,636.7063333
3766,101.7015
3767,2404.79
3768,100
3769,1303.1185
3770,101.453
3771,1202.2425
3772,100
3773,100
3774,101
3775,534.6178333
3776,100
3777,100
3778,100
3779,1201.3445
3780,1737.534833
3781,1201.489
3782,1201.6775
3783,533.8183333
3784,100
3785,1200.717
3786,533.3333333
3787,100
3788,535.8198334
3789,536.0488334
3790,100
3791,1201.473
3792,0
3793,1101.418
3794,1202.579
3795,1205.7095
3796,534.7703333
3797,101
3798,1303.953
3799,1203.785
3800,1202.4705
3801,100
3802,1200.5645
3803,100
3804,100
3805,1200.7855
3806,100
3807,1201.2065
3808,1202.8105
3809,100.857
3810,100.857
3811,534.1903333
3812,1200
3813,100
3814,100
3815,635.4988333
3816,1205.4415
3817,1204.4415
3818,1201.7405
3819,100
3820,2406.5225
3821,1301.8755
3822,100.7535
3823,1201.2025
3824,1201.2605
3825,100
3826,1201.002
3827,100
3828,100
3829,1201
3830,1302.352
3831,101.423
3832,101.423
3833,1202.5165
3834,100.6805
3835,1304.5035
3836,1304.411
3837,102.2405
3838,535.7983333
3839,1201.902
3840,1202.1065
3841,2403.237
3842,535.6883333
3843,1200.6805
3844,100
3845,100
3846,1303.345
3847,1304.534
3848,100.681
3849,100.681
3850,535.7748333
3851,100
3852,1302.447
3853,536.2868334
3854,1202.2825
3855,535.0578333
3856,100
3857,100
3858,100.8125
3859,1202.8
3860,100.5645
3861,100.5645
3862,100.777
3863,100.777
3864,1202.277
3865,534.5458333
3866,1201.6895
3867,100
3868,1200.965
3869,100.845
3870,536.8673333
3871,1305.1745
3872,536.0798333
3873,1201.483
3874,100.3805
3875,100.3805
3876,1201.3805
3877,1301.725
3878,101.3445
3879,2406.9065
3880,0
3881,1636.928833
3882,1201.4535
3883,100.465
3884,100.465
3885,100.465
3886,1202.455
3887,1200.693
3888,1203.043
3889,101.437
3890,636.4828333
3891,101.7125
3892,537.4758333
3893,635.3878334
3894,101.5935
3895,535.8923334
3896,101.5
3897,1304.562
3898,637.5738333
3899,101.2405
3900,101.2405
3901,101.2405
3902,1202.3545
3903,1201.2245
3904,1202.069
3905,1201.5
3906,534.9303333
3907,1200.8335
3908,100
3909,1201.6855
3910,1203.224
3911,100.6775
3912,100.6775
3913,1201.19
3914,101.99
3915,102.563
3916,1205.569
3917,100.8125
3918,100.8125
3919,100.8125
3920,100.8125
3921,100.8125
3922,100.8125
3923,1303.2245
3924,1202.8575
3925,100.3125
3926,1200.733
3927,1302.3505
3928,868.9611666
3929,2504.022
3930,201.2145
3931,201.6795
3932,201.6795
3933,201.6795
3934,201.6795
3935,201.6795
3936,201.6795
3937,635.0128333
3938,100
3939,100.737
3940,1737.463333
3941,434.7538333
3942,533.7863333
3943,100.6805
3944,100.6805
3945,101.565
3946,637.4573333
3947,102.5145
3948,102.5145
3949,102.5145
3950,2405.6875
3951,635.0923333
3952,1201.4145
3953,1201.2045
3954,0
3955,0
3956,1102.5475
3957,100
3958,100
3959,100
3960,1202.1055
3961,101
3962,1202.922
3963,100
3964,100
3965,1200.509
3966,1737.282833
3967,1303.7415
3968,101.619
3969,1203.7575
3970,100
3971,100
3972,100
3973,1200.3805
3974,1202.394
3975,100.966
3976,1202.6635
3977,1200.5125
3978,100
3979,1200.501
3980,100
3981,1201.1425
3982,1201.854
3983,1203.158
3984,100.525
3985,100.525
3986,100.525
3987,100.525
3988,535.3583333
3989,1201.5125
3990,534.3333333
3991,1102.1585
3992,100
3993,100
3994,1201.6905
3995,1201.6575
3996,100
3997,1200.942
3998,101
3999,101
4000,535.8423333
4001,1200.949
4002,1201.5
4003,1202.098
4004,534.3743333
4005,1200.8845
4006,1202.335
4007,1202.433
4008,100.4205
4009,1738.982833
4010,100
4011,100
4012,100
4013,1302.97
4014,637.6743333
4015,2406.7755
4016,2402.2855
4017,1302.274
4018,101.274
4019,1304.543
4020,637.2588333
4021,1202.981
4022,1200.9095
4023,1303.2395
4024,1302.6765
4025,101.4065
4026,101.4065
4027,101.4065
4028,101.4065
4029,536.2508333
4030,100.926
4031,1201.8275
4032,100.3445
4033,100.3445
4034,2404.6255
4035,1203.4285
4036,636.4393334
4037,1304.2515
4038,1203.742
4039,2402.5295
4040,1737.291333
4041,536.9398333
4042,100
4043,1201.6935
4044,634.7983333
4045,535.7243333
4046,100
4047,1203.181
4048,535.7083333
4049,100.3445
4050,100.3445
4051,1303.3675
4052,102.6895
4053,1205.036
4054,100.4645
4055,1203.4455
4056,101.1985
4057,101.1985
4058,1201.1985
4059,1301.0855
4060,100.801
4061,100.801
4062,100.801
4063,536.3678333
4064,100.7335
4065,100.7335
4066,101.8425
4067,101.8425
4068,101.8425
4069,101.8425
4070,2403.9015
4071,100.5125
4072,100.5125
4073,535.6508334
4074,1201.463
4075,1203.57
4076,1202.8145
4077,1201.473
4078,100
4079,100
4080,1201.982
4081,101
4082,101
4083,534.8458333
4084,100
4085,1303.0605
4086,101.391
4087,1202.6695
4088,1202.6755
4089,100
4090,1200.569
4091,1303.414
4092,101.7015
4093,101.7015
4094,102.7015
4095,539.7043333
4096,101.5
4097,101.5
4098,535.8333333
4099,100.9415
4100,100.9415
4101,100.9415
4102,100.9415
4103,100.9415
4104,100.9415
4105,1201.5865
4106,1201.7095
4107,100.485
4108,100.485
4109,100.485
4110,100.9055
4111,100.9055
4112,1201.4585
4113,533.8978334
4114,100
4115,100
4116,101.2605
4117,870.8191667
4118,1303.6855
4119,1201.3505
4120,1201.35
4121,1202.106
4122,101.2045
4123,101.2045
4124,102.445
4125,102.445
4126,102.445
4127,1203.619
4128,100.553
4129,100.553
4130,534.8203333
4131,100
4132,100
4133,1203.2675
4134,1203.051
4135,100
4136,100
4137,1201.465
4138,100
4139,100
4140,100
4141,1302.1625
4142,1202.914
4143,536.0238333
4144,0
4145,0.569
4146,0.569
4147,0.569
4148,1204.1675
4149,1202.449
4150,635.5448333
4151,101.182
4152,102.0355
4153,1202.6965
4154,1202.992
4155,1203.396
4156,101
4157,1202.1215
4158,2402.6995
4159,100
4160,1070.584667
4161,1201.929
4162,100.605
4163,1202.122
4164,535.3228333
4165,1101.2775
4166,100
4167,1200.621
4168,100
4169,100
4170,1201.95
4171,535.1043333
4172,535.8363334
4173,635.8363333
4174,2404.2025
4175,1103.3465
4176,534.6178333
4177,1200.5125
4178,100
4179,100
4180,533.6178333
4181,1201.7135
4182,100
4183,100
4184,1301.99
4185,102.1995
4186,103.44
4187,103.44
4188,103.44
4189,103.44
4190,103.44
4191,1204.6945
4192,100.481
4193,100.481
4194,100.481
4195,100.481
4196,100.481
4197,100.481
4198,536.1963333
4199,100
4200,101.5
4201,101.5
4202,101.5
4203,101.5
4204,1202.5
4205,1202.206
4206,1202.058
4207,533.8143333
4208,1303.0995
4209,101.447
4210,101.447
